{"v":"5.6.5","fr":30,"ip":0,"op":173,"w":1500,"h":1500,"nm":"зелье","ddd":0,"assets":[{"id":"comp_0","layers":[{"ddd":0,"ind":1,"ty":4,"nm":"svg2_бульба","sr":1,"ks":{"o":{"a":0,"k":100,"ix":11},"r":{"a":0,"k":0,"ix":10},"p":{"a":1,"k":[{"i":{"x":0.667,"y":1},"o":{"x":0.333,"y":0},"t":0,"s":[721.608,1167.121,0],"to":[0,-191.333,0],"ti":[0,191.333,0]},{"t":21,"s":[721.608,19.121,0]}],"ix":2},"a":{"a":0,"k":[43.363,43.364,0],"ix":1},"s":{"a":1,"k":[{"i":{"x":[0.667,0.667,0.667],"y":[-0.018,-0.018,28.768]},"o":{"x":[0.333,0.333,0.333],"y":[0,0,0]},"t":0,"s":[126,126,100]},{"i":{"x":[0.667,0.667,0.667],"y":[1,1,1]},"o":{"x":[0.333,0.333,0.333],"y":[0.29,0.29,-20.826]},"t":12,"s":[91.342,91.342,100]},{"t":21,"s":[0,0,100]}],"ix":6}},"ao":0,"shapes":[{"ty":"gr","it":[{"ind":0,"ty":"sh","ix":1,"ks":{"a":0,"k":{"i":[[-23.812,0],[0,-23.811],[23.811,0],[0,23.81]],"o":[[23.811,0],[0,23.81],[-23.812,0],[0,-23.811]],"v":[[0.001,-43.114],[43.113,0],[0.001,43.114],[-43.113,0]],"c":true},"ix":2},"nm":"Path 1","mn":"ADBE Vector Shape - Group","hd":false},{"ty":"fl","c":{"a":0,"k":[0.666999966491,0.830999995213,0,1],"ix":4},"o":{"a":0,"k":100,"ix":5},"r":1,"bm":0,"nm":"Fill 1","mn":"ADBE Vector Graphic - Fill","hd":false},{"ty":"tr","p":{"a":0,"k":[43.363,43.364],"ix":2},"a":{"a":0,"k":[0,0],"ix":1},"s":{"a":0,"k":[100,100],"ix":3},"r":{"a":0,"k":0,"ix":6},"o":{"a":0,"k":100,"ix":7},"sk":{"a":0,"k":0,"ix":4},"sa":{"a":0,"k":0,"ix":5},"nm":"Transform"}],"nm":"Group 1","np":2,"cix":2,"bm":0,"ix":1,"mn":"ADBE Vector Group","hd":false}],"ip":0,"op":25,"st":-78,"bm":0}]}],"layers":[{"ddd":0,"ind":1,"ty":4,"nm":"svg2_маска","td":1,"sr":1,"ks":{"o":{"a":0,"k":100,"ix":11},"r":{"a":0,"k":0,"ix":10},"p":{"a":0,"k":[727.437,907.487,0],"ix":2},"a":{"a":0,"k":[247.422,326.611,0],"ix":1},"s":{"a":0,"k":[145,145,100],"ix":6}},"ao":0,"shapes":[{"ty":"gr","it":[{"ind":0,"ty":"sh","ix":1,"ks":{"a":0,"k":{"i":[[0,0],[17.076,-4.576],[11.773,-89.913],[-51.396,-51.722],[-18.868,-10.634],[-75.884,-25.787],[4.734,86.43],[61.187,41.299],[22.239,8.692],[-0.623,19.944],[0,0],[0,0]],"o":[[0,11.033],[-87.532,23.454],[-10.546,71.874],[15.025,15.6],[86.433,-35.839],[75.009,-43.205],[-2.981,-73.322],[-19.708,-13.648],[-20.301,-6.522],[0,0],[0,0],[0,0]],"v":[[-45.397,-134.082],[-66.879,-108.341],[-234.771,86.18],[-169.631,286.432],[-118.651,326.249],[122.199,326.361],[240.583,110.003],[137.666,-76.301],[73.47,-107.777],[54.303,-144.336],[54.303,-326.361],[-45.397,-326.361]],"c":true},"ix":2},"nm":"Path 1","mn":"ADBE Vector Shape - Group","hd":false},{"ty":"fl","c":{"a":0,"k":[0.102000000898,0,0.310000011968,1],"ix":4},"o":{"a":0,"k":100,"ix":5},"r":1,"bm":0,"nm":"Fill 1","mn":"ADBE Vector Graphic - Fill","hd":false},{"ty":"tr","p":{"a":0,"k":[245.567,326.611],"ix":2},"a":{"a":0,"k":[0,0],"ix":1},"s":{"a":0,"k":[100,100],"ix":3},"r":{"a":0,"k":0,"ix":6},"o":{"a":0,"k":100,"ix":7},"sk":{"a":0,"k":0,"ix":4},"sa":{"a":0,"k":0,"ix":5},"nm":"Transform"}],"nm":"Group 1","np":2,"cix":2,"bm":0,"ix":1,"mn":"ADBE Vector Group","hd":false}],"ip":0,"op":421,"st":0,"bm":0},{"ddd":0,"ind":2,"ty":4,"nm":"svg2_вода","tt":1,"sr":1,"ks":{"o":{"a":0,"k":99,"ix":11},"r":{"a":0,"k":0,"ix":10},"p":{"a":1,"k":[{"i":{"x":0.402,"y":1},"o":{"x":0.583,"y":0},"t":5,"s":[-668.896,1752.032,0],"to":[418.567,-102.467,0],"ti":[-418.567,102.467,0]},{"i":{"x":0.402,"y":0.402},"o":{"x":0.167,"y":0.167},"t":67,"s":[1842.504,1137.232,0],"to":[0,0,0],"ti":[0,0,0]},{"i":{"x":0.402,"y":1},"o":{"x":0.167,"y":0},"t":124,"s":[1842.504,1137.232,0],"to":[0,92,0],"ti":[0,-92,0]},{"t":172,"s":[1842.504,1689.232,0]}],"ix":2},"a":{"a":0,"k":[688.793,252.625,0],"ix":1},"s":{"a":0,"k":[217.443,145,100],"ix":6}},"ao":0,"shapes":[{"ty":"gr","it":[{"ind":0,"ty":"sh","ix":1,"ks":{"a":0,"k":{"i":[[0,0],[0,0],[0,0],[0,0],[0,0],[0,0],[0,0],[0,0],[0,0],[0,0],[0,0],[0,0],[0,0],[0,0],[0,0],[0,0],[0,0],[0,0],[0,0],[0,0],[0,0],[0,0],[0,0],[0,0],[0,0]],"o":[[0,0],[0,0],[0,0],[0,0],[0,0],[0,0],[0,0],[0,0],[0,0],[0,0],[0,0],[0,0],[0,0],[0,0],[0,0],[0,0],[0,0],[0,0],[0,0],[0,0],[0,0],[0,0],[0,0],[0,0],[0,0]],"v":[[-688.543,-195.431],[-344.272,-195.431],[-299.455,-204.76],[-258.869,-221.416],[-217.735,-237.354],[-172.136,-244.319],[-126.871,-236.171],[-86.197,-219.57],[-45.413,-203.111],[0,-195.431],[45.413,-203.111],[86.197,-219.57],[126.871,-236.171],[172.136,-244.319],[217.735,-237.354],[258.869,-221.416],[299.455,-204.76],[344.271,-195.431],[390.534,-199.996],[433.037,-214.038],[516.407,-244.319],[614.754,-241.267],[688.543,-195.431],[688.543,251.173],[-685.31,251.173]],"c":true},"ix":2},"nm":"Path 1","mn":"ADBE Vector Shape - Group","hd":false},{"ty":"fl","c":{"a":0,"k":[0.666999966491,0.830999995213,0,1],"ix":4},"o":{"a":0,"k":100,"ix":5},"r":1,"bm":0,"nm":"Fill 1","mn":"ADBE Vector Graphic - Fill","hd":false},{"ty":"tr","p":{"a":0,"k":[688.793,251.424],"ix":2},"a":{"a":0,"k":[0,0],"ix":1},"s":{"a":0,"k":[100,100],"ix":3},"r":{"a":0,"k":0,"ix":6},"o":{"a":0,"k":100,"ix":7},"sk":{"a":0,"k":0,"ix":4},"sa":{"a":0,"k":0,"ix":5},"nm":"Transform"}],"nm":"Group 1","np":2,"cix":2,"bm":0,"ix":1,"mn":"ADBE Vector Group","hd":false}],"ip":5,"op":426,"st":5,"bm":0},{"ddd":0,"ind":3,"ty":4,"nm":"svg2_сосуд","sr":1,"ks":{"o":{"a":0,"k":100,"ix":11},"r":{"a":0,"k":0,"ix":10},"p":{"a":0,"k":[727.315,858.851,0],"ix":2},"a":{"a":0,"k":[264.941,385.698,0],"ix":1},"s":{"a":0,"k":[145,145,100],"ix":6}},"ao":0,"shapes":[{"ty":"gr","it":[{"ind":0,"ty":"sh","ix":1,"ks":{"a":0,"k":{"i":[[0,0],[0,0],[0,0],[0,0],[-0.037,-111.344],[77.787,-44.208],[0,0],[0.055,89.492],[0,0],[0,0],[-109.6,28.644],[0,0]],"o":[[0,0],[0,0],[0,0],[107.085,30.504],[-0.127,89.57],[0,0],[-77.646,-44.299],[0,0],[0,0],[0.15,-113.28],[0,0],[0,0]],"v":[[-57.231,-302.882],[62.654,-302.882],[62.654,-87.489],[68.274,-85.888],[249.21,153.704],[123.108,369.966],[-123.468,369.966],[-249.21,153.712],[-249.21,153.703],[-249.21,153.698],[-63.013,-87.082],[-57.231,-88.592]],"c":true},"ix":2},"nm":"Path 1","mn":"ADBE Vector Shape - Group","hd":false},{"ind":1,"ty":"sh","ix":2,"ks":{"a":0,"k":{"i":[[-14.39,0],[0,0],[0,-14.389],[14.389,0],[0,0],[0,14.389]],"o":[[0,0],[14.389,0],[0,14.389],[0,0],[-14.39,0],[0,-14.389]],"v":[[-71.318,-369.966],[76.743,-369.966],[102.473,-344.237],[76.743,-318.504],[-71.318,-318.504],[-97.05,-344.237]],"c":true},"ix":2},"nm":"Path 2","mn":"ADBE Vector Shape - Group","hd":false},{"ind":2,"ty":"sh","ix":3,"ks":{"a":0,"k":{"i":[[0,0],[0,-22.698],[-22.057,-0.74],[0,0],[0.151,-118.233],[0,0],[0,0],[-83.49,-46.791],[0,0],[0,0],[0,0],[-0.131,95.787],[0,0],[0,0],[110.612,34.166],[0,0],[0,22.231],[22.698,0]],"o":[[-22.698,0],[0,22.23],[0,0],[-113.225,32.337],[0,0],[0,0],[0.054,95.708],[0,0],[0,0],[0,0],[83.636,-46.694],[0,0],[0,0],[-0.039,-116.223],[0,0],[22.056,-0.739],[0,-22.698],[0,0]],"v":[[-71.318,-385.447],[-112.531,-344.237],[-72.711,-303.06],[-72.711,-100.417],[-264.691,153.693],[-264.691,153.701],[-264.691,153.706],[-129.406,384.459],[-127.642,385.447],[127.269,385.447],[129.028,384.466],[264.691,153.712],[264.691,153.706],[264.691,153.701],[78.135,-99.049],[78.135,-303.06],[117.954,-344.237],[76.743,-385.447]],"c":true},"ix":2},"nm":"Path 3","mn":"ADBE Vector Shape - Group","hd":false},{"ty":"mm","mm":1,"nm":"Merge Paths 1","mn":"ADBE Vector Filter - Merge","hd":false},{"ty":"fl","c":{"a":0,"k":[0,0,0,1],"ix":4},"o":{"a":0,"k":100,"ix":5},"r":1,"bm":0,"nm":"Fill 1","mn":"ADBE Vector Graphic - Fill","hd":false},{"ty":"tr","p":{"a":0,"k":[264.941,385.698],"ix":2},"a":{"a":0,"k":[0,0],"ix":1},"s":{"a":0,"k":[100,100],"ix":3},"r":{"a":0,"k":0,"ix":6},"o":{"a":0,"k":100,"ix":7},"sk":{"a":0,"k":0,"ix":4},"sa":{"a":0,"k":0,"ix":5},"nm":"Transform"}],"nm":"Group 1","np":5,"cix":2,"bm":0,"ix":1,"mn":"ADBE Vector Group","hd":false}],"ip":0,"op":421,"st":0,"bm":0},{"ddd":0,"ind":4,"ty":4,"nm":"Shape Layer 1","sr":1,"ks":{"o":{"a":0,"k":100,"ix":11},"r":{"a":0,"k":0,"ix":10},"p":{"a":0,"k":[736,654,0],"ix":2},"a":{"a":0,"k":[-14,-72,0],"ix":1},"s":{"a":0,"k":[100,-100,100],"ix":6}},"ao":0,"shapes":[{"ty":"gr","it":[{"ind":0,"ty":"sh","ix":1,"ks":{"a":0,"k":{"i":[[0,0]],"o":[[0,0]],"v":[[-1374,-874]],"c":false},"ix":2},"nm":"Path 1","mn":"ADBE Vector Shape - Group","hd":false},{"ty":"st","c":{"a":0,"k":[0.666666666667,0.835294177485,0,1],"ix":3},"o":{"a":0,"k":100,"ix":4},"w":{"a":0,"k":39,"ix":5},"lc":1,"lj":1,"ml":4,"bm":0,"nm":"Stroke 1","mn":"ADBE Vector Graphic - Stroke","hd":false},{"ty":"tr","p":{"a":0,"k":[0,0],"ix":2},"a":{"a":0,"k":[0,0],"ix":1},"s":{"a":0,"k":[100,100],"ix":3},"r":{"a":0,"k":0,"ix":6},"o":{"a":0,"k":100,"ix":7},"sk":{"a":0,"k":0,"ix":4},"sa":{"a":0,"k":0,"ix":5},"nm":"Transform"}],"nm":"Shape 2","np":3,"cix":2,"bm":0,"ix":1,"mn":"ADBE Vector Group","hd":false},{"ty":"gr","it":[{"ind":0,"ty":"sh","ix":1,"ks":{"a":0,"k":{"i":[[0,0],[0,0]],"o":[[0,0],[0,0]],"v":[[-14,-740],[-14,650]],"c":false},"ix":2},"nm":"Path 1","mn":"ADBE Vector Shape - Group","hd":false},{"ty":"st","c":{"a":0,"k":[0.666666666667,0.835294177485,0,1],"ix":3},"o":{"a":0,"k":100,"ix":4},"w":{"a":0,"k":39,"ix":5},"lc":2,"lj":1,"ml":4,"bm":0,"nm":"Stroke 1","mn":"ADBE Vector Graphic - Stroke","hd":false},{"ty":"tr","p":{"a":0,"k":[0,0],"ix":2},"a":{"a":0,"k":[0,0],"ix":1},"s":{"a":0,"k":[100,100],"ix":3},"r":{"a":0,"k":0,"ix":6},"o":{"a":0,"k":100,"ix":7},"sk":{"a":0,"k":0,"ix":4},"sa":{"a":0,"k":0,"ix":5},"nm":"Transform"}],"nm":"Shape 1","np":3,"cix":2,"bm":0,"ix":2,"mn":"ADBE Vector Group","hd":false},{"ty":"tm","s":{"a":1,"k":[{"i":{"x":[0.833],"y":[0.833]},"o":{"x":[0.167],"y":[0.167]},"t":68,"s":[100]},{"t":75,"s":[0]}],"ix":1},"e":{"a":1,"k":[{"i":{"x":[0.833],"y":[0.833]},"o":{"x":[0.167],"y":[0.167]},"t":10,"s":[100]},{"t":19,"s":[0]}],"ix":2},"o":{"a":0,"k":0,"ix":3},"m":1,"ix":3,"nm":"Trim Paths 1","mn":"ADBE Vector Filter - Trim","hd":false}],"ip":0,"op":421,"st":0,"bm":0},{"ddd":0,"ind":5,"ty":0,"nm":"svg2_бульба Comp 1","refId":"comp_0","sr":1,"ks":{"o":{"a":0,"k":100,"ix":11},"r":{"a":0,"k":0,"ix":10},"p":{"a":0,"k":[733,755,0],"ix":2},"a":{"a":0,"k":[750,750,0],"ix":1},"s":{"a":0,"k":[100,100,100],"ix":6}},"ao":0,"w":1500,"h":1500,"ip":88,"op":113,"st":88,"bm":0},{"ddd":0,"ind":6,"ty":0,"nm":"svg2_бульба Comp 1","refId":"comp_0","sr":1,"ks":{"o":{"a":0,"k":100,"ix":11},"r":{"a":0,"k":0,"ix":10},"p":{"a":0,"k":[796,817,0],"ix":2},"a":{"a":0,"k":[750,750,0],"ix":1},"s":{"a":0,"k":[100,100,100],"ix":6}},"ao":0,"w":1500,"h":1500,"ip":79,"op":104,"st":79,"bm":0},{"ddd":0,"ind":7,"ty":0,"nm":"svg2_бульба Comp 1","refId":"comp_0","sr":1,"ks":{"o":{"a":0,"k":100,"ix":11},"r":{"a":0,"k":0,"ix":10},"p":{"a":0,"k":[750,750,0],"ix":2},"a":{"a":0,"k":[750,750,0],"ix":1},"s":{"a":0,"k":[100,100,100],"ix":6}},"ao":0,"w":1500,"h":1500,"ip":70,"op":95,"st":70,"bm":0}],"markers":[]}